Chain,Number,Name,Qavg,Qworst,Qbackbone,Qsidechain
A,1,G,0.198,-0.573,0.069,0.339
A,2,U,0.210,-0.655,0.215,0.204
A,3,U,0.295,-0.416,0.221,0.406
A,4,A,0.321,0.023,0.353,0.281
A,5,A,0.424,-0.027,0.405,0.447
A,6,U,0.487,0.133,0.515,0.444
A,7,C,0.498,0.056,0.562,0.402
A,8,A,0.177,-0.333,0.327,-0.004
A,9,U,0.478,-0.007,0.449,0.521
A,10,G,0.598,0.237,0.591,0.605
A,11,C,0.664,0.397,0.656,0.676
A,12,U,0.720,0.519,0.687,0.770
A,13,C,0.727,0.456,0.687,0.787
A,14,G,0.767,0.606,0.750,0.787
A,15,G,0.734,0.540,0.707,0.764
A,16,G,0.688,0.347,0.736,0.636
A,17,U,0.648,0.414,0.691,0.584
A,18,A,0.678,0.440,0.694,0.659
A,19,A,0.664,0.387,0.674,0.653
A,20,U,0.662,0.415,0.715,0.583
A,21,C,0.705,0.454,0.705,0.705
A,22,G,0.728,0.542,0.707,0.751
A,23,C,0.745,0.580,0.757,0.727
A,24,U,0.754,0.530,0.765,0.738
A,25,G,0.765,0.528,0.742,0.790
A,26,C,0.776,0.614,0.762,0.797
A,27,G,0.741,0.541,0.727,0.756
A,28,G,0.702,0.402,0.659,0.748
A,29,C,0.660,0.146,0.653,0.670
A,30,C,0.570,-0.008,0.533,0.625
A,31,G,0.553,0.008,0.467,0.646
A,32,G,0.489,-0.325,0.330,0.663
A,33,U,0.353,-0.154,0.325,0.395
A,34,U,0.397,-0.499,0.379,0.424
A,35,U,0.340,-0.470,0.287,0.420
A,36,C,0.464,-0.654,0.623,0.225
A,37,G,0.583,0.232,0.607,0.558
A,38,G,0.641,0.278,0.691,0.586
A,39,C,0.649,0.405,0.687,0.592
A,40,C,0.687,0.351,0.672,0.711
A,41,G,0.742,0.565,0.731,0.755
A,42,U,0.753,0.408,0.735,0.781
A,43,A,0.788,0.613,0.765,0.816
A,44,G,0.785,0.665,0.755,0.817
A,45,A,0.768,0.581,0.747,0.793
A,46,G,0.764,0.405,0.728,0.802
A,47,G,0.766,0.567,0.737,0.797
A,48,A,0.780,0.648,0.759,0.806
A,49,A,0.776,0.550,0.741,0.818
A,50,A,0.766,0.550,0.734,0.804
A,51,G,0.768,0.494,0.727,0.813
A,52,U,0.743,0.554,0.755,0.724
A,53,C,0.767,0.614,0.766,0.770
A,54,C,0.759,0.540,0.746,0.778
A,55,A,0.775,0.538,0.738,0.820
A,56,U,0.762,0.591,0.741,0.794
A,57,G,0.781,0.618,0.760,0.803
A,58,C,0.747,0.443,0.742,0.755
A,59,U,0.774,0.625,0.768,0.784
A,60,C,0.767,0.660,0.751,0.790
A,61,G,0.771,0.328,0.736,0.811
A,62,C,0.740,0.544,0.716,0.776
A,63,A,0.755,0.381,0.730,0.785
A,64,C,0.720,0.493,0.703,0.747
A,65,G,0.747,0.626,0.720,0.776
A,66,G,0.735,0.408,0.686,0.789
A,67,U,0.572,0.281,0.634,0.478
A,68,G,0.671,0.274,0.610,0.738
A,69,C,0.701,0.495,0.722,0.670
A,70,U,0.709,0.362,0.723,0.689
A,71,G,0.683,0.413,0.668,0.699
A,72,A,0.713,0.542,0.687,0.744
A,73,G,0.708,0.370,0.670,0.749
A,74,A,0.684,-0.094,0.619,0.762
A,75,U,0.604,0.169,0.598,0.613
A,76,G,0.741,0.581,0.727,0.756
A,77,C,0.724,0.471,0.722,0.726
A,78,C,0.751,0.516,0.747,0.758
A,79,C,0.753,0.464,0.729,0.788
A,80,G,0.766,0.583,0.740,0.796
A,81,U,0.732,0.406,0.696,0.786
A,82,A,0.738,0.386,0.706,0.777
A,83,G,0.724,0.501,0.687,0.765
A,84,U,0.692,0.471,0.689,0.696
A,85,G,0.721,0.434,0.681,0.764
A,86,U,0.550,-0.014,0.636,0.421
A,87,U,0.654,0.409,0.679,0.617
A,88,C,0.696,0.516,0.695,0.697
A,89,G,0.732,0.430,0.686,0.783
A,90,U,0.741,0.569,0.725,0.765
A,91,G,0.705,0.267,0.668,0.746
A,92,C,0.727,0.394,0.728,0.726
A,93,C,0.713,0.307,0.691,0.747
A,94,U,0.703,0.423,0.708,0.695
A,95,A,0.701,0.468,0.706,0.694
A,96,G,0.717,0.543,0.707,0.729
A,97,C,0.716,0.423,0.712,0.722
A,98,G,0.735,0.533,0.707,0.766
A,99,A,0.762,0.469,0.703,0.834
A,100,A,0.783,0.620,0.746,0.828
A,101,U,0.739,0.441,0.701,0.795
A,102,C,0.724,0.423,0.695,0.769
A,103,C,0.720,0.418,0.697,0.755
A,104,A,0.733,0.505,0.664,0.816
A,105,U,0.760,0.564,0.730,0.805
A,106,A,0.770,0.626,0.736,0.810
A,107,A,0.778,0.538,0.737,0.827
A,108,G,0.750,0.535,0.732,0.769
A,109,C,0.732,0.548,0.745,0.714
A,110,U,0.747,0.565,0.736,0.765
A,111,A,0.713,0.384,0.700,0.728
A,112,G,0.691,0.432,0.673,0.711
A,113,G,0.674,0.388,0.697,0.649
A,114,G,0.678,0.451,0.711,0.642
A,115,C,0.642,0.329,0.651,0.629
A,116,A,0.682,0.252,0.640,0.733
A,117,G,0.587,0.116,0.591,0.583
A,118,C,0.538,0.080,0.518,0.569
A,119,C,0.469,-0.076,0.437,0.517
A,120,U,0.319,-0.050,0.290,0.362
A,121,G,0.229,-0.446,0.421,0.019
A,122,G,0.197,-0.544,0.200,0.193
A,123,C,0.149,-0.339,0.234,0.021
A,124,U,0.273,-0.634,0.279,0.265
A,125,U,0.172,-0.377,0.222,0.098
A,126,U,0.259,-0.325,0.281,0.226
A,127,G,0.159,-0.559,0.041,0.288
A,128,G,0.444,-0.410,0.312,0.588
A,129,C,0.434,0.072,0.392,0.498
A,130,U,0.282,-0.470,0.269,0.302
A,131,G,0.324,-0.521,0.349,0.295
A,132,G,0.404,-0.301,0.402,0.406
A,133,G,0.410,-0.194,0.306,0.522
A,134,C,0.402,-0.296,0.378,0.438
A,135,U,0.598,0.244,0.603,0.590
A,136,G,0.655,0.376,0.600,0.716
A,137,A,0.518,0.330,0.531,0.503
A,138,C,0.686,0.313,0.638,0.757
A,139,G,0.739,0.579,0.733,0.746
A,140,G,0.689,0.258,0.674,0.705
A,141,C,0.663,0.429,0.698,0.611
A,142,G,0.654,0.254,0.671,0.635
A,143,G,0.601,-0.014,0.629,0.570
A,144,G,0.464,0.107,0.487,0.440
A,145,G,0.493,-0.114,0.505,0.479
A,146,A,0.402,-0.221,0.366,0.446
A,147,A,0.424,0.032,0.466,0.374
A,148,A,0.138,-0.483,0.213,0.048
A,149,G,0.282,-0.474,0.246,0.322
A,150,A,0.337,-0.177,0.177,0.530
A,151,A,0.257,-0.299,0.302,0.204
A,152,C,0.276,-0.527,0.322,0.206
A,153,C,0.196,-0.193,0.218,0.162
A,154,U,0.285,-0.161,0.277,0.296
A,155,A,0.069,-0.565,0.068,0.069
A,156,C,0.142,-0.687,0.180,0.084
A,157,G,0.336,-0.328,0.269,0.408
A,158,U,-0.023,-0.588,0.141,-0.269
A,159,C,-0.100,-0.785,0.140,-0.459
A,160,C,0.091,-0.721,0.194,-0.064
A,161,G,0.117,-0.726,0.246,-0.023
A,162,G,0.263,-0.598,0.106,0.434
A,163,C,0.130,-0.747,-0.050,0.399
A,164,U,0.112,-0.655,0.071,0.174
A,165,G,0.086,-0.703,0.056,0.118
A,166,G,0.172,-0.825,0.111,0.238
A,167,G,0.060,-0.651,0.013,0.110
A,168,A,0.127,-0.557,0.230,0.004
A,169,U,0.393,-0.555,0.318,0.506
A,170,A,0.246,-0.357,0.232,0.263
A,171,U,0.016,-0.496,-0.001,0.041
A,172,G,0.261,-0.442,0.238,0.286
A,173,G,0.252,-0.259,0.218,0.289
A,174,U,0.237,-0.544,0.148,0.370
A,175,U,0.359,-0.708,0.365,0.350
A,176,C,0.264,-0.347,0.336,0.155
A,177,G,0.269,-0.278,0.369,0.159
A,178,A,0.217,-0.722,0.406,-0.009
A,179,U,0.112,-0.557,0.061,0.188
A,180,U,0.417,-0.023,0.375,0.479
A,181,A,0.288,-0.417,0.303,0.269
A,182,C,0.171,-0.573,0.219,0.098
A,183,C,0.345,-0.115,0.417,0.238
A,184,C,0.519,0.128,0.600,0.397
A,185,U,0.501,-0.285,0.534,0.452
A,186,G,0.588,0.072,0.603,0.572
A,187,A,0.486,0.003,0.532,0.430
A,188,A,0.533,-0.515,0.469,0.610
A,189,A,0.614,0.093,0.595,0.636
A,190,G,0.537,0.072,0.595,0.474
A,191,U,0.538,0.113,0.590,0.460
A,192,G,0.567,0.309,0.573,0.559
A,193,C,0.468,-0.326,0.441,0.510
A,194,C,0.489,-0.077,0.508,0.461
A,195,A,0.475,0.141,0.407,0.557
A,196,C,0.406,-0.024,0.387,0.434
A,197,A,0.265,-0.479,0.115,0.444
A,198,G,0.341,-0.252,0.314,0.371
A,199,U,0.246,-0.196,0.282,0.192
A,200,G,0.309,-0.398,0.398,0.211
A,201,A,0.208,-0.312,0.234,0.176
A,202,C,0.303,-0.399,0.155,0.524
A,203,G,0.302,-0.359,0.193,0.420
A,204,G,0.028,-0.683,-0.003,0.062
A,205,A,0.196,-0.661,0.262,0.118
A,206,G,0.204,-0.778,0.084,0.336
A,207,C,0.201,-0.690,0.163,0.258
A,208,U,0.061,-0.604,0.112,-0.016
A,209,C,0.144,-0.610,0.212,0.041
A,210,U,0.053,-0.700,-0.051,0.207
A,211,A,0.194,-0.635,0.334,0.027
A,212,A,0.406,-0.604,0.218,0.632
A,213,G,0.090,-0.646,0.185,-0.014
A,214,G,0.278,-0.397,0.208,0.355
A,215,G,0.024,-0.672,0.162,-0.126
A,216,A,0.016,-0.624,0.032,-0.003
A,217,A,0.218,-0.613,0.116,0.339
A,218,A,0.266,-0.445,0.305,0.218
A,219,C,0.105,-0.428,0.036,0.208
A,220,C,-0.002,-0.698,0.012,-0.023
A,221,U,0.059,-0.694,-0.040,0.207
A,222,U,0.017,-0.702,0.127,-0.149
A,223,A,0.028,-0.769,0.087,-0.044
A,224,G,0.127,-0.736,0.209,0.038
A,225,A,0.084,-0.482,0.044,0.131
A,226,G,0.192,-0.510,0.097,0.295
A,227,G,0.332,-0.730,0.156,0.524
A,228,U,0.305,-0.411,0.262,0.369
A,229,G,0.267,-0.352,0.240,0.297
A,230,G,0.120,-0.516,0.163,0.073
A,231,A,0.400,-0.379,0.349,0.462
A,232,A,0.423,-0.361,0.337,0.527
A,233,C,0.377,-0.530,0.290,0.508
A,234,G,0.391,-0.065,0.386,0.396
A,235,C,0.467,0.059,0.548,0.345
A,236,G,0.575,-0.207,0.462,0.699
A,237,G,0.651,0.503,0.609,0.696
A,238,U,0.643,0.198,0.614,0.687
A,239,A,0.665,0.214,0.682,0.644
A,240,A,0.549,0.235,0.569,0.524
A,241,A,0.624,0.190,0.680,0.558
A,242,C,0.597,0.433,0.628,0.552
A,243,C,0.613,0.092,0.668,0.530
A,244,C,0.696,0.460,0.691,0.703
A,245,C,0.725,0.555,0.701,0.760
A,246,A,0.755,0.493,0.709,0.810
A,247,C,0.760,0.597,0.720,0.818
A,248,G,0.769,0.573,0.733,0.809
A,249,A,0.753,0.548,0.747,0.760
A,250,G,0.783,0.652,0.776,0.791
A,251,C,0.759,0.551,0.748,0.775
A,252,G,0.760,0.528,0.727,0.796
A,253,A,0.728,0.500,0.703,0.757
A,254,G,0.757,0.478,0.720,0.798
A,255,A,0.779,0.415,0.745,0.820
A,256,A,0.703,0.425,0.752,0.644
A,257,A,0.745,0.609,0.763,0.723
A,258,C,0.750,0.573,0.740,0.764
A,259,C,0.741,0.425,0.738,0.744
A,260,C,0.737,0.479,0.716,0.770
A,261,A,0.752,0.621,0.727,0.783
A,262,A,0.279,-0.583,0.301,0.254
A,263,A,0.518,-0.491,0.326,0.749
A,264,U,0.241,-0.698,0.235,0.250
A,265,G,0.182,-0.473,-0.007,0.388
A,266,A,0.165,-0.599,0.221,0.097
A,267,U,0.081,-0.621,0.162,-0.041
A,268,G,0.275,-0.627,0.241,0.312
A,269,G,0.094,-0.544,0.058,0.133
A,270,U,0.087,-0.387,0.021,0.185
A,271,A,0.473,-0.041,0.461,0.487
A,272,G,0.724,0.447,0.676,0.776
A,273,G,0.753,0.242,0.698,0.813
A,274,G,0.754,0.480,0.724,0.788
A,275,G,0.753,0.504,0.704,0.806
A,276,C,0.749,0.555,0.712,0.806
A,277,A,0.774,0.529,0.736,0.819
A,278,C,0.746,0.452,0.757,0.728
A,279,C,0.750,0.533,0.753,0.746
A,280,U,0.718,0.311,0.736,0.690
A,281,U,0.699,0.367,0.698,0.702
A,282,C,0.701,0.340,0.730,0.657
A,283,C,0.703,0.507,0.704,0.702
A,284,C,0.728,0.533,0.712,0.750
A,285,G,0.741,0.521,0.737,0.745
A,286,A,0.750,0.623,0.736,0.768
A,287,A,0.762,0.638,0.741,0.787
A,288,G,0.766,0.619,0.742,0.791
A,289,G,0.735,0.267,0.718,0.755
A,290,A,0.736,0.462,0.745,0.726
A,291,A,0.733,0.414,0.736,0.729
A,292,A,0.567,0.332,0.600,0.528
A,293,U,0.653,0.118,0.649,0.658
A,294,G,0.694,0.452,0.657,0.734
A,295,A,0.715,0.516,0.676,0.761
A,296,A,0.744,0.532,0.716,0.776
A,297,C,0.700,0.169,0.731,0.654
A,298,G,0.759,0.429,0.738,0.782
A,299,G,0.750,0.585,0.708,0.795
A,300,A,0.789,0.601,0.762,0.822
A,301,G,0.731,0.407,0.731,0.731
A,302,G,0.749,0.497,0.748,0.751
A,303,G,0.718,0.111,0.713,0.722
A,304,A,0.674,0.316,0.731,0.606
A,305,A,0.693,0.496,0.686,0.703
A,306,G,0.726,0.459,0.702,0.753
A,307,G,0.754,0.531,0.728,0.783
A,308,A,0.747,0.560,0.726,0.772
A,309,C,0.721,0.548,0.723,0.718
A,310,A,0.742,0.406,0.706,0.785
A,311,G,0.708,0.161,0.652,0.769
A,312,G,0.670,0.207,0.603,0.744
A,313,C,0.627,0.138,0.544,0.753
A,314,G,0.364,-0.274,0.442,0.278
A,315,G,0.371,-0.233,0.433,0.302
A,316,C,0.396,-0.209,0.450,0.315
A,317,G,0.178,-0.426,0.269,0.079
A,318,C,0.322,-0.638,0.314,0.334
A,319,A,0.194,-0.408,0.162,0.232
A,320,U,0.312,-0.600,0.154,0.551
A,321,G,0.458,-0.026,0.341,0.585
A,322,C,0.402,-0.093,0.373,0.444
A,323,A,0.380,-0.191,0.456,0.290
A,324,G,0.567,-0.022,0.533,0.603
A,325,C,0.647,0.423,0.598,0.720
A,326,C,0.706,0.442,0.678,0.749
A,327,U,0.776,0.606,0.742,0.828
A,328,G,0.740,0.556,0.703,0.780
A,329,U,0.692,0.109,0.694,0.689
A,330,A,0.795,0.692,0.777,0.817
A,331,G,0.785,0.650,0.762,0.810
A,332,A,0.756,0.554,0.741,0.775
A,333,U,0.774,0.605,0.760,0.796
A,334,A,0.595,0.085,0.715,0.452
A,335,G,0.720,0.522,0.735,0.704
A,336,A,0.787,0.639,0.771,0.807
A,337,U,0.751,0.456,0.756,0.743
A,338,G,0.749,0.565,0.738,0.761
A,339,A,0.728,0.426,0.715,0.744
A,340,U,0.652,0.251,0.722,0.546
A,341,U,0.665,0.352,0.700,0.612
A,342,A,0.656,0.372,0.679,0.630
A,343,C,0.694,0.468,0.698,0.689
A,344,C,0.667,0.384,0.694,0.625
A,345,G,0.697,0.451,0.701,0.693
A,346,C,0.671,0.436,0.694,0.636
A,347,C,0.670,0.451,0.696,0.629
A,348,G,0.661,0.249,0.754,0.560
A,349,G,0.586,-0.237,0.526,0.651
A,350,A,0.525,0.272,0.561,0.482
A,351,G,0.558,0.264,0.539,0.578
A,352,U,0.420,-0.040,0.522,0.267
A,353,A,0.531,0.122,0.559,0.498
A,354,C,0.403,-0.360,0.462,0.315
A,355,G,0.268,-0.518,0.171,0.373
A,356,A,0.183,-0.615,0.207,0.154
A,357,G,0.151,-0.543,-0.052,0.373
A,358,G,0.371,-0.577,0.459,0.275
A,359,C,0.206,-0.290,0.226,0.176
A,360,G,0.149,-0.585,0.115,0.185
A,361,C,0.119,-0.415,0.201,-0.004
A,362,A,0.356,-0.161,0.384,0.322
A,363,A,0.224,-0.663,0.069,0.410
A,364,A,0.223,-0.440,0.214,0.233
A,365,G,0.282,-0.178,0.331,0.228
A,366,C,0.229,-0.450,0.302,0.120
A,367,C,0.190,-0.397,0.208,0.164
A,368,G,0.152,-0.596,0.198,0.102
A,369,C,0.177,-0.571,0.255,0.058
A,370,U,0.121,-0.406,0.181,0.032
A,371,U,0.252,-0.369,0.282,0.206
A,372,G,0.250,-0.587,0.297,0.199
A,373,C,0.147,-0.443,0.139,0.160
A,374,A,0.040,-0.623,0.029,0.054
A,375,G,0.509,0.002,0.523,0.495
A,376,U,0.491,0.091,0.451,0.550
A,377,A,0.475,-0.508,0.335,0.644
A,378,C,0.545,0.013,0.586,0.484
A,379,G,0.601,0.097,0.597,0.606
A,380,A,0.581,0.319,0.572,0.593
A,381,A,0.656,0.426,0.699,0.603
A,382,G,0.703,0.485,0.697,0.711
A,383,G,0.722,0.438,0.702,0.744
A,384,U,0.699,0.513,0.704,0.691
A,385,A,0.747,0.566,0.729,0.769
A,386,C,0.756,0.609,0.757,0.756
A,387,A,0.763,0.608,0.735,0.797
A,388,G,0.778,0.547,0.751,0.808
A,389,A,0.786,0.630,0.748,0.831
A,390,A,0.788,0.665,0.771,0.809
A,391,C,0.764,0.495,0.755,0.776
A,392,A,0.789,0.520,0.755,0.830
A,393,U,0.758,0.519,0.744,0.780
A,394,G,0.766,0.482,0.736,0.799
A,395,G,0.769,0.594,0.752,0.788
A,396,C,0.749,0.609,0.744,0.758
A,397,U,0.731,0.358,0.711,0.761
A,398,U,0.769,0.600,0.756,0.789
A,399,A,0.759,0.474,0.720,0.805
A,400,U,0.755,0.429,0.739,0.779
A,401,A,0.746,0.300,0.703,0.798
A,402,G,0.754,0.570,0.727,0.785
A,403,A,0.725,0.181,0.702,0.752
A,404,G,0.709,0.366,0.691,0.729
A,405,C,0.653,0.310,0.638,0.675
A,406,A,0.551,0.152,0.525,0.583
A,407,U,0.503,0.057,0.630,0.312
A,408,G,0.247,-0.545,0.329,0.158
A,409,A,0.466,-0.223,0.358,0.594
A,410,U,0.325,-0.461,0.222,0.478
A,411,U,0.265,-0.726,0.357,0.126
A,412,A,0.260,-0.353,0.390,0.104
A,413,A,0.410,-0.460,0.372,0.457
A,414,C,0.344,-0.620,0.300,0.411
A,415,G,0.200,-0.568,0.217,0.182
A,416,U,0.240,-0.654,0.224,0.264
A,417,C,0.273,-0.358,0.252,0.304
B,1,MG,0.894,0.894,N/A,N/A
B,2,MG,0.739,0.739,N/A,N/A
B,4,MG,0.871,0.871,N/A,N/A
B,6,MG,0.778,0.778,N/A,N/A
B,7,MG,0.902,0.902,N/A,N/A
B,8,MG,0.904,0.904,N/A,N/A
B,9,MG,0.871,0.871,N/A,N/A
B,10,MG,0.761,0.761,N/A,N/A
B,11,MG,0.840,0.840,N/A,N/A
B,12,MG,0.802,0.802,N/A,N/A
B,13,MG,0.846,0.846,N/A,N/A
B,14,MG,0.881,0.881,N/A,N/A
B,15,MG,0.906,0.906,N/A,N/A
B,17,MG,0.849,0.849,N/A,N/A
B,20,MG,0.845,0.845,N/A,N/A
B,21,MG,0.870,0.870,N/A,N/A
B,22,MG,0.756,0.756,N/A,N/A
B,23,MG,0.800,0.800,N/A,N/A
B,24,MG,0.843,0.843,N/A,N/A
B,25,MG,0.702,0.702,N/A,N/A
B,26,MG,0.760,0.760,N/A,N/A
B,27,MG,0.831,0.831,N/A,N/A
B,28,MG,0.869,0.869,N/A,N/A
B,29,MG,0.685,0.685,N/A,N/A
B,30,MG,0.861,0.861,N/A,N/A
B,32,MG,0.671,0.671,N/A,N/A
B,33,MG,0.842,0.842,N/A,N/A
B,36,MG,0.847,0.847,N/A,N/A
B,37,MG,0.833,0.833,N/A,N/A
B,38,MG,0.812,0.812,N/A,N/A
B,39,MG,0.848,0.848,N/A,N/A
B,40,MG,0.799,0.799,N/A,N/A
B,41,MG,0.850,0.850,N/A,N/A
B,42,MG,0.831,0.831,N/A,N/A
